New Rules for the New Economy	Kevin Kelly
The War of Art	Steve Pressfield
Zig Ziglar’s Secrets of Closing the Sale	Zig Ziglar
A Scattering	Christopher Reid
The Art of Loving	Erich Fromm
The Social Contract	Jean Jacques Rousseau
Civilisation	John Armstrong
The Communist Manifesto	Karl Marx
Pensieri	Leopardi
Culture and Anarchy	Matthew Arnold
The Needs of Strangers	Michael Ignatieff
They F You Up	Oliver James
The Dying Animal	Philip Roth
Couch Fiction	Philippa Perry
The Symposium	Plato
What should I do with my Life	Po Bronson
Camera Lucida	Roland Barthes
Letters from a Stoic	Seneca
An Intimate History of Humanity	Theodor Zeldin
An Intimate History of Humanity	Theodor Zeldin
22 Immutable Laws of Marketing	Al Ries
Positioning	Al Ries
Science and Sanity	Alfred Korzybski
Islandia	Austin Tappan Wright
The Unix Programming Environment	Brian Kernighan
The Innovator's Dilemma	Clayton Christensen
Dune	Frank Herbert
Built to Last	James Collins
The Meaning of Culture	John Cowper Powys
An Introduction to Realistic Philosophy	John Wild
Code and Other Laws of Cyberspace	Lawrence Lessig
Rasselas	Samuel Johnson
The Structure of Scientific Revolutions	Thomas Kuhn
The Palm at the End of the Mind	Wallace Stevens
On Writing Well	William Zinsser
Globalizing Capital	Barry Eichengreen
One World	Peter Singer
Tales from the Expat Harem	Anastasia Ashman 
Rethinking Modernity and National Identity in Turkey	Sibel Bozdogan
Technology and the Character of Contemporary Life	Albert Borgmann
Does Technology Drive History? The Dilemma of Technological Determinism 	Merritt Roe Smith
Atlas Shrugged	Ayn Rand
The Man Who Sold the Moon and Orphans of the Sky	Robert Heinlein
Stringer	Anjan Sundaram
The Director	David Ignatius
National Insecurity	David Rothkopf
Lost for Words	Edward St. Aubyn
The Second Machine Age	Erik Brynjolfsson
Good Hunting: An American Spymaster's Story	Jack Devine
The Universe edited	John Brockman
The Fourth Revolution	John Micklethwait & Adrian Wooldridge
The Intel Trinity	Michael Malone
The Mantle of Command: FDR at War, 1941-1942	Nigel Hamilton
Zero to One	Peter Thiel
The Rule of Nobody	Philip K. Howard
Temptations of Power: Islamists and Illiberal Democracy in a New Middle East	Shadi Hamid
Capital in the Twenty-First Century	Thomas Piketty
Excellent Sheep: The Miseducation of the American Elite and the Way to a Meaningful Life	William Deresiewicz
Influence: The Psychology of Persuasion	Bob Cialdini
The Innovator's Dilemma	Clayton Christensen
Uncommon Genius	Denise Shekerjian
Crossing the Chasm	Geoffrey Moore
The Hockey Handbook	Lloyd Percival
Inevitable Illusions	Massimo Piattelli-Palmarini
The Chicago Manual of Style	University of Chicago
DAEMON	Leinad Zeraus
Trespassing Across America	Ken Ilgunas
This Changes Everything	Naomi Klein
Private Empire	Steve Coll
Great Expectations	Charles Dickens
Tarzan of the Apes	Edgar Rice Burroughs
The Story of Doctor Dolittle	Hugh Lofting
The Miracle of Life	Merce Parramon
One Pair of Hands	Monica Dickens
The Rime of the Ancient Mariner	Samuel Taylor Coleridge
The Betrothed	Alessandro Manzoni
The Lord	Romano Guardini
The Story of a Soul	St Therese de Lisieux
The Discovery of India	Jawaharlal Nehru
The Book of Laughter and Forgetting	Milan Kundera
The Saga of Khassak	OV Vijayan
The Rational Optimist	Matt Ridley
The Really Hard Problem: Meaning in a Material World	Owen Flanagan
The Ancestor's Tale	Richard Dawkins
Enemies, A Love Story	Isaac Singer
The Mind-Body Problem	Rebecca Goldstein
The Careful Writer	Theodore Bernstein
The Strategy of Conflict	Thomas Schelling
The Little Prince	Antoine de Saint-Exupery
Notes of a Native Son	James Baldwin
Red Strangers	Elspeth Huxley
Pluto's Republic	Peter Medawar
Uncle Fred in the Springtime	PG Wodehouse
The Righteous Mind	Jonathan Haidt
The Better Angels of Our Nature	Steven Pinker
Three Day Road	Joseph Boyden
Good-Bye to All That	Robert Graves
Birdsong	Sebastian Faulks
Seven Pillars of Wisdom	TE Lawrence
Testament of Youth	Vera Brittain
Samarkand	Amin Maalouf
The Secret Life of Saeed the Pessoptimist	Emile Habiby 
The Day the Leader Was Killed	Naguib Mahfouz
The End of the Free Market	Ian Bremmer
The Party	Richard McGregor
The History of the Decline and Fall of the Roman Empire	Edward Gibbon
At Swim-Two-Birds	Flann O'Brien
Gold and Iron	Fritz Stern
The Private Memoirs and Confessions of a Justified Sinner	James Hogg
The Last Days of Mankind	Karl Kraus
Or I’ll Dress You in Mourning	Dominique Lapierre
Tropic of Cancer	Henry Miller
The Bloody Chamber	Angela Carter
The Nonexistent Knight	Italo Calvino
Pedro Páramo	Juan Rulfo
The Sirens of Titan 	Kurt Vonnegut
The Master and Margarita	Mikhail Bulgakov
Riddley Walker	Russell Hoban
Operating Manual for Spaceship Earth	Buckminster Fuller
Technopoly: The Surrender of Culture to Technology	Neal Postman
The Mind's I	Douglas Hofstadter
Cultural Software	JM Balkin
The History of the Decline and Fall of the Roman Empire	Edward Gibbon
Professor Romeo	Ann Bernays
The Family Tree 	Carole Cadwalladr
Problems in Philosophy	Colin McGinn
Thinks ...	David Lodge
One, Two, Three ... Infinity	George Gamow
A History of Force	James Payne
The Nurture Assumption	Judith Rich Harris
Huckleberry Finn	Mark Twain
The Tin Men 	Michael Frayn
The Selfish Gene	Richard Dawkins
Brain Storm	Richard Dooling
The Last Word	Thomas Nagel
Brazzaville Beach	William Boyd
Exodus in The Five Books of Moses	Everett Fox
The Turbulent Mirror	John Briggs
The Origin of Consciousness in the Breakdown of the Bicameral Mind	Julian Jaynes
Chaos and Cyber Culture	Timothy Leary
Debt: The First 5,000 Years	David Graeber
Just Kids	Patti Smith
The Art of Possibility	Rosamund Stone Zander
Ignition!	John Clark
The Lord of the Rings	JRR Tolkien
Man and Superman	George Bernard Shaw
Coriolanus	William Shakespeare
Intuition Pumps and Other Tools for Thinking	Daniel Dennett
Evolution of Cooperation	Robert Axelrod
Attack of the Theocrats	Sean Faircloth
Extraordinary Popular Delusions and the Madness of Crowds	Charles Mackay
Freedom Feminism: Its Surprising History and Why It Matters Today	Christina Hoff Sommers
The New Digital Age	Eric Schmidt
The Hockey Stick Illusion	Andrew Montford
What You Want	Constantine Phipps
The Vital Question: Energy, Evolution, and the Origins of Complex Life	Nick Lane
The Weather Experiment	Peter Moore
Arcadia	Tom Stoppard
The Inflationary Universe: The Quest for a New Theory of Cosmic Origins	Alan Guth
The Atheist’s Guide to Reality: Enjoying Life Without Illusions	Alexander Rosenberg
Trespassing on Einstein’s Lawn: A Father, a Daughter, the Meaning of Nothing, and the Beginning of Everything	Amanda Gefter
Self Comes to Mind: Constructing the Conscious Brain	Antonio Damasio
The Fabric of the Cosmos: Space, Time, and the Texture of Reality	Brian Greene
Physicalism and Its Discontents	Carl Gillett
The Demon-Haunted World: Science as a Candle in the Dark	Carl Sagan
Mistakes Were Made	Carol Tavris
Why Information Grows: The Evolution of Order, from Atoms to Economies	Cesar Hidalgo
A Better Life: 100 Atheists Speak Out on Joy & Meaning in a World Without God	Chris Johnson
Predictably Irrational: The Hidden Forces that Shape Our Decisions	Dan Ariely
Consciousness Explained	Daniel Dennett
Darwin’s Dangerous Idea: Evolution and the Meanings of Life	Daniel Dennett
Intuition Pumps and Other Tools for Thinking	Daniel Dennett
Time and Chance	David Albert
The Fabric of Reality: The Science of Parallel Universes and Its Implications	David Deutsch
Incognito: The Secret Lives of the Brain	David Eagleman
The Emergent Multiverse: Quantum Theory According to the Everett Interpretation	David Wallace
The Conscious Mind: In Search of a Fundamental Theory	DJ Chalmers
Cells to Civilizations: The Principles of Change that Shape Life	Enrico Coen
The Meaning of Human Existence	EO Wilson
Does Santa Exist? A Philosophical Investigation	Eric Kaplan
The Five Ages of the Universe: Inside the Physics of Eternity	Fred Adams
Spooky Action at a Distance: The Phenomenon That Reimagines Space and Time–and What It Means for Black Holes, the Big Bang, and Theories of Everything	George Musser
Phi: A Voyage from the Brain to the Soul	Giulio Tononi
Good Without God: What a Billion Nonreligious People Do Believe	Greg Epstein
Constructivism in Practical Philosophy	James Lenman
Why Evolution Is True	Jerry Coyne
Why Does the World Exist	Jim Holt
The Storytelling Animal: How Stories Make Us Human	Jonathan Gottschall
Moral Tribes: Emotion, Reason, and the Gap Between Us and Them	Joshua Greene
Knocking on Heaven’s Door: How Physics and Scientific Thinking Illuminate the Universe and the Modern World	Lisa Randall
The Call of Character: Living a Life Worth Living	Mari Ruti
Complexity: A Guided Tour	Melanie Mitchell
Who’s In Charge? Free Will and the Science of the Brain	Michael Gazzaniga
The Signal and the Noise: Why So Many Predictions Fail	Nate Silver
Your Inner Fish: A Journey into the 3	Neil Shubin
The Vital Question: Energy, Evolution, and the Origins of Complex Life	Nick Lane
The Really Hard Problem: Meaning in a Material World	Owen Flanagan
Touching a Nerve: The Self as Brain	Patricia Churchland
How Nature Works: The Science of Self-Organized Criticality	Per Bak
The Shadow of Consciousness	Peter Hankins
Life’s Ratchet: How Molecular Machines Extract Order from Chaos	Peter Hoffman
The Ethical Project	Philip Kitcher
The Character of Physical Law	Richard Feynman
Quantum Computing Since Democritus	Scott Aaronson
The Grand Design	Stephen Hawking
To Explain the World: The Discovery of Modern Science	Steven Weinberg
A Significant Life: Human Meaning in a Silent Universe	Todd May
A Dialogue on Consciousness	Torin Halter
100 Years of Solitude	Gabriel Garcia Marquez
Iliad	Homer
Splendid Isolation	George Gaylord Simpson
The Ant and the Peacock	Helena Cronin
Why Evolution Is True	Jerry Coyne
Narrow Roads of Gene Land	W.D. Hamilton
The New Jim Crow	Michelle Alexander
In Custody	Anita Desai
The General Theory of Employment, Interest and Money	JM Keynes
The Diamond in Your Pocket	Gangaji
A Course in Miracles	Helen Schucman
365 Nirvana Here And Now	Josh Baran
Be As You Are	Sri Ramana Maharshi
Mathematics	A. D. Aleksandrov
The Sunday Philosophy Club	Alexander McCall Smith
The Dream of Reason	Anthony Gottlieb
Probability, Random Variables, and Stochastic Processes	Athanasios Papoulis
The Paradox of Choice	Barry Schwartz
The (Mis)behavior of Markets	Benoit Mandelbrot
Confessions of a Philosopher	Bryan Magee
The Making of a Philosopher	Colin McGinn
Statistical Models	David Freeman
Critical Phenomena 	Didier Sornette
Why Stock Markets Crash	Didier Sornette
The Wisdom Paradox	Elkhonon Goldberg
Good Calories, Bad Calories	Gary Taubes
The Discovery of France	Graham Robb
Intellectuals in the Middle Ages	Jacques Le Goff
The Science of Conjecture	James Franklin
Financial Derivatives	Jamil Baz
The Mind Doesn't Work That Way	Jerry Fodor
I Think Therefore I Laugh	John Allen Paulos
The Hour Between Dog & Wolf	John Coates
Straw Dogs	John Gray
Body by Science	John Little
Thinking and Deciding	Jonathan Baron
The Status Syndrome	Michael Marmot
No Bull	Michael Steinhardt
Modern Aramaic-English/English-Modern Aramaic Dictionary & Phrasebook: Assyrian/Syriac	Nicholas Awde
A History of the Mind	Nicholas Humphrey
How Nature Works: The Science of Self-Organized Criticality	Per Bak
A Few Lessons from Sherlock Holmes	Peter Bevelin
A Guide to Econometrics	Peter Kennedy
Mapping the Mind	Rita Carter
Why Everyone (Else) Is a Hypocrite	Robert Kurzban
The Blank Slate	Steven Pinker
Mean Genes	Terry Burnham
Kant and the Platypus	Umberto Eco
Tyranny of Experts	William Easterly
Nights at the Circus	Angela Carter
Ulysses	James Joyce
The Strange Case of Dr. Jekyll and Mr. Hyde	Robert Louis Stevenson
Beowulf	Seamus Heaney
Finite and Infinite Games	James Carse
The Republic of Tea	Mel Ziegler
Do the Work	Steve Pressfield
See You at the Top	Zig Ziglar
Don't Sleep, There Are Snakes	Daniel L. Everett
We, the Navigators	David Lewis
The Demon-Haunted World: Science as a Candle in the Dark	Carl Sagan
Tubes: A Journey to the Center of the Internet	Andrew Blum
Makers: The New Industrial Revolution	Chris Anderson
Automate This: How Algorithms Came to Rule Our World	Christopher Steiner
Better, Stronger, Faster: The Myth of American Decline…and the Growth of a New Economy	Daniel Gross
Fast Future: How the Millennial Generation is Shaping the World	David Burstein
Social Business By Design: Transformative Social Media Strategies for the Connected Company	Dion Hinchcliffe
Present Shock: When Everything Happens Now	Douglas Rushkoff
Nanotechnology for Dummies	Earl Boysen
Robot Futures	Ellah Reza Bourbakhsh
The Lean Startup: How Today’s Entrepreneurs Use Continuous Innovation to Create Radically Successful Businesses	Eric Ries
Predictive Analytics: The Power to Predict Who Will Click, Buy, Lie, or Die	Eric Siegel
Rewire: Digital Cosmopolitans in the Age of Connection	Ethan Zuckerman
Wait: The Art and Science of Delay	Frank Partnoy
Knowledge and Power: The Information Theory of Capitalism and How it is Revolutionizing Our World	George Gilder
Open Services Innovation: Rethinking Your Business to Grow and Compete in a New Era	Henry Chesbrough
Reality is Broken: Why Games Make Us Better and How They Can Change the World	Jane McGonigal
You Are Not a Gadget: A Manifesto	Jaron Lanier
Conscious Capitalism: Liberating the Heroic Spirit of Business	John Mackey
For the Win: How Game Thinking Can Revolutionize Your Business	Kevin Werbach
The Shareholder Value Myth: How Putting Shareholders First Harms Investors, Corporations, and the Public	Lynn Stout
What You Can Change…And What You Can’t: The Complete Guide to Successful Self Improvement	Martin Seligman
The Future Arrived Yesterday: The Rise of the Protean Corporation and What It Means for You	Michael Malone
Antifragile: Things That Gain from Disorder	Nassim Nicholas Taleb
Fooled by Randomness: The Hidden Role of Change in Life and in the Markets	Nassim Nicholas Taleb
Addiction by Design: Machine Gambling in Las Vegas	Natasha Dow Schull
The Signal and the Noise: Why So Many Predictions Fail	Nate Silver
Fab: The Coming Revolution on Your Desktop	Neil Gershenfeld
Wired for War: The Robotics Revolution and Conflict in the Twenty-first Century	P.W. Singer
The Org: The Underlying Logic of the Office	Ray Fisman
How to Create a Mind: The Secret of Human Thought Revealed	Ray Kurzweil
Cyber War: The Next Threat to National Security and What to Do About It	Richard A. Clarke
The Rise of the Creative Class	Richard Florida
Everything Bad is Good For You: How Today’s Popular Culture is Actually Making Us Smarter	Steven Johnson
Quiet: The Power of Introverts in a World That Can’t Stop Talking	Susan Cain
Extra Lives: Why Video Games Matter	Tom Bissell
The Power of Co-Creation: Build it With Them to Boost Growth, Productivity, and Profits	Venkat Ramaswamy
Big Data	Viktor Mayer-Schonberger
Employees First, Customers Second: Turning Conventional Management Upside Down	Vineet Nayar
Lords of Strategy: The Secret History of the New Corporate World	Walter Kiechel
Beyond the Hoax	Alan Sokal
Fashionable Nonsense	Alan Sokal
Don't Mourn, Balkanize!	Andrej Grubacic
The Verso Book of Dissent	Andrew Hsiao
Workers' Councils	Anton Pannekoek
Field Notes on Democracy	Arundhati Roy
Understanding Capitalism	Douglas Dowd
State Terrorism and the United States	Frederick Gareau
The Punishment of Gaza	Gideon Levy
Bad Samaritans	Ha-Joon Chang
A People's History of the United States	Howard Zinn
Al-Qaeda	Jason Burke
A Theory of Power	Jeff Vail
The Deaths of Others	John Tirman
How America Gets Away with Murder	Michael Mandel
Business as Usual	Paul Mattick
The ABCs of Political Economy	Robin Hahnel
Bakunin on Anarchism	Sam Dolgoff
The Anarchist Collectives	Sam Dolgoff
Talking to the Enemy	Scott Atran
The Birth of Israel	Simha Flapan
Whose Crisis? Whose Future?	Susan George
The Altenberg 16	Susan Mazur
Between the Lines	Tikva Honig-Parnass
Killing Hope	William Blum
The Doors of Perception and Heaven and Hell	Aldous Huxley
The Perennial Philosophy	Aldous Huxley
Self-Deception Unmasked	Alfred Mele
Infidel	Ayaan Hirsi Ali
Nomad	Ayaan Hirsi Ali
The Caged Virgin	Ayaan Hirsi Ali
The Skeptic Way	Benson Mates
The Crisis of Islam	Bernard Lewis
Mindfulness in Plain English	Bhante Henepola Gunaratana
The Cleanest Race	BR Myers
The Fabric of the Cosmos: Space, Time, and the Texture of Reality	Brian Greene
Fundamentals of Human Neuropsychology	Bryan Kolb
Extraordinary Popular Delusions and the Madness of Crowds	Charles Mackay
Commissurotomy, Consciousness, and Unity of Mind	Charles Marks
The Aquariums of Pyongyang	Chol-hwan Kang
Hitch-22	Christopher Hitchens
Letters to a Young Contrarian	Christopher Hitchens
The Enemy	Christopher Hitchens
Why Orwell Matters	Christopher Hitchens
The Mysterious Flame	Colin McGinn
10% Happier	Dan Harris
Hitler's Willing Executioners	Daniel Jonah Goldhagen
Judgment Under Uncertainty	Daniel Kahneman
Dialogues Concerning Natural Religion	David Hume
Animal Minds	Donald Griffin
The Mind's I	Douglas Hofstadter
This Republic of Suffering	Drew Gilpin Faust
The Executive Brain	Elkhonon Goldberg
Principles of Neural Science	Eric Kandel
Behavior in Public Places	Erving Goffman
The Presentation of Self in Everyday Life	Erving Goffman
A Delusion of Satan	Frances Hill
The End of Days	Gershom Gorenberg
An Anatomy of Thought	Ian Glynn
Critique of Pure Reason 	Immanuel Kant
Kant: Ethical Philosophy: Grounding for the Metaphysics of Morals, and, Metaphysical Principles of Virtue, with, "On a Supposed Right to Lie Because of Philanthropic Concerns"	Immanuel Kant
Isaac Newton	James Gleick
The Mysterious Universe	James Jeans
Examined Lives	James Miller
You Are Not a Gadget: A Manifesto	Jaron Lanier
The Awakening of Intelligence	Jiddu Krishnamurti
Erwin Schrodinger and the Quantum Revolution 	John Gribbin
Game Change	John Heilemann
Three Cups of Deficit	Jon Krakauer
Under the Banner of Heaven	Jon Krakauer
Humanity	Jonathan Glover
The Experience of Insight	Joseph Goldstein
Synaptic Self	Joseph LeDoux
Utilitarianism	JS Mill
The Cambridge Handbook of Thinking and Reasoning	Keith Holyoak
The Suicide of Reason	Lee Harris
Dark Ages	Lee McIntyre
The Drunkard's Walk	Leonard Mlodinow
Evilicious	Marc Hauser
Moral Minds	Marc Hauser
Mirroring People	Marco Iacoboni
The Primacy of Perception	Maurice Merleau-Ponty
Kingdom Coming	Michelle Goldberg
Neuroethics	Neil Levy
A History of the Mind	Nicholas Humphrey
Higher Superstition	Paul Gross
History of Christianity	Paul Johnson
The Symposium	Plato
Porphyry's Against the Christians	Porphyry
The Drowned and the Saved	Primo Levi
The Periodic Table	Primo Levi
The Age of Spiritual Machines	Ray Kurzweil
Bertrand Russell	Ray Monk
Ludwig Wittgenstein	Ray Monk
The Oxford Companion to the Mind	Richard L. Gregory
Without Conscience	Robert D. Hare
Brighter than a Thousand Suns	Robert Jungk
The Ends of the Earth	Robert Kaplan
I of the Vortex	Rodolfo R. Llinas
Ethics for the Real World	Ronald Howard
A Companion to the Philosphy of the Mind	Samuel Guttenplan
The Clash of Civilizations	Samuel Huntington
WAR	Sebastian Junger
Seven Pillars of Wisdom	TE Lawrence
Food of the Gods	Terence McKenna
True Hallucinations	Terence McKenna
Perfect Soldiers	Terry McDermott
Leviathan	Thomas Hobbes
The Structure of Scientific Revolutions	Thomas Kuhn
Being No One	Thomas Metzinger
Neural Correlates of Consciousness	Thomas Metzinger
Other Minds	Thomas Nagel
The Last Word	Thomas Nagel
King James Study Bible	Thomas Nelson
What's God Got to Do with It?	Tim Page
Central Philosophy of Buddhism	TRV Murti
Among the Believers	VS Naipaul
The Portable Nietzsche	Walter Kaufmann
Eye for an Eye	William Ian Miller
Faking It	William Ian Miller
Humiliation	William Ian Miller
The Anatomy of Disgust	William Ian Miller
Essays in Radical Empiricism 	William James
The Principles of Psychology	William James
The Quotable Hitchens	Windsor Mann
The Theory of Moral Sentiments 	Adam Smith
The Gulag Archipelago	Aleksandr I. Solzhenitsyn
Jesus: A Life	AN Wilson
Paul	AN Wilson
The Noonday Demon	Andrew Solomon
The Road to Martyrs' Square	Anne Marie Oliver
The Paradox of Choice	Barry Schwartz
The Significance of Philosophical Scepticism	Barry Stroud
Ethics	Baruch Spinoza
Autobiography	Bertrand Russell
Religion and Science	Bertrand Russell
The Problems of Philosophy	Bertrand Russell
Why I Am Not a Christian and Other Essays on Religion and Related Subjects	Bertrand Russell
Zen at War	Brian Victoria
The Demon-Haunted World: Science as a Candle in the Dark	Carl Sagan
The Encyclopedia of Psychoactive Plants	Christian Ratsch
Memory, Brain, and Belief	Daniel Schacter
The Nature of Mind	David Rosenthal
The Abandonment of the Jews	David S. Wyman
My View of the World	Erwin Schrodinger
What Is Life?	Erwin Schrodinger
The Future of Freedom	Fareed Zakaria
Philosophical Dictionary	Francois Voltaire
When the Air Hits Your Brain	Frank T. Vertosick Jr.
Free Will	Gary Watson
Persons And Places	George Santayana
Scepticism And Animal Faith	George Santayana
Atheism	George Smith
The Religion of Jesus the Jew	Geza Vermes
Why I Am Not a Muslim	Ibn Warraq
The Illustrated Jesus Through the Centuries	Jaroslav Pelikan
Storming Heaven: LSD and the American Dream	Jay Stevens
Being and Nothingness	Jean-Paul Sartre
My Stroke of Insight	Jill Bolte Taylor
Self-Liberation through Seeing with Naked Awareness	John Myrdhin Reynolds
Knowledge, Possibility, and Consciousness	John Perry
A Theory of Justice	John Rawls
Justice as Fairness	John Rawls
The Construction of Social Reality 	John Searle
The Rediscovery of the Mind	John Searle
The Psychopath Test	Jon Ronson
Passage to Juneau	Jonathan Raban
The Fate of the Earth and The Abolition 	Jonathan Schell
The Unfinished Twentieth Century	Jonathan Schell
On Liberty	JS Mill
The Open Society and Its Enemies, Vol. 1	Karl Popper
American Theocracy	Kevin Phillips
Breath by Breath	Larry Rosenberg
Righteous	Lauren Sandler
Going Clear	Lawrence Wright
Challenging Nature	Lee Silver
Three Roads To Quantum Gravity	Lee Smolin
Six Impossible Things Before Breakfast	Lewis Wolpert
On Certainty	Ludwig Wittgenstein
Philosophical Grammar	Ludwig Wittgenstein
Tractatus Logico-Philosophicus	Ludwig Wittgenstein
Islam in the World	Malise Ruthven
Letters From The Earth	Mark Twain
What Is Man? And Other Essays	Mark Twain
Our Final Hour	Martin Rees
Genome	Matt Ridley
Where Is Science Going? 	Max Planck
Our Mathematical Universe	Max Tegmark
Economy and Society	Max Weber
Why Darwin Matters	Michael Shermer
The Anatomy of Evil	Michael Stone
Swami Prabhavananda	Niall Shanks
The Heart of Buddhist Meditation	Nyanaponika Thera
An Anthropologist on Mars	Oliver Sacks
The Man Who Mistook His Wife For A Hat	Oliver Sacks
The Life You Can Save	Peter Singer
Writings on an Ethical Life	Peter Singer
Living High and Letting Die	Peter Unger
The Nonsense of Free Will	R. T. Oerton
Consequences Of Pragmatism	Richard Rorty
Anarchy, State, and Utopia	Robert Nozick
Natural Selection and Social Theory	Robert Trivers
Shadows of the Mind	Roger Penrose
The Emperor's New Mind	Roger Penrose
The Large, the Small and the Human Mind	Roger Penrose
Joseph Anton: A Memoir	Salman Rushdie
How We Die	Sherwin B. Nuland
The Professor and the Madman	Simon Winchester
How the Mind Works	Steven Pinker
The Blank Slate	Steven Pinker
The Art Of War	Sun Tzu
Shankara's Crest Jewel of Discrimination	Swami Prabhavananda
The User Illusion	Tor Norretranders
Quintessential Dzogchen	Tulku Urgyen Rinpoche
Phantoms in the Brain	V. S. Ramachandran
God: The Failed Hypothesis	Victor Stenger
Open Secret	Wei Wei Wu Wei
Labyrinths of Reason	William Poundstone
Prisoner's Dilemma	William Poundstone
Companion to Clinical Neurology	William Pryse-Phillips
Darkness Visible	William Styron
Faith at War	Yaroslav Trofimov
Eurabia	Ye'or Bat
Food for the Heart	Ajahn Chah
Blasphemy: How the Religious Right is Hijacking	Alan Dershowitz
Ideas and Opinions	Albert Einstein
Out of My Later Years	Albert Einstein
The Day of the Barbarians	Alessandro Barbero
The Legacy of Jihad	Andrew Bostom
Descartes Error	Antonio Damasio
Looking for Spinoza	Antonio Damasio
The Nature of the Physical World	AS Eddington
Ending Aging	Aubrey de Grey
Misquoting Jesus: The Story Behind Who Changed the Bible and Why	Bart Ehrman
Among the Thugs	Bill Buford
Influence: The Psychology of Persuasion	Bob Cialdini
While Europe Slept	Bruce Bawer
Tracing Back the Radiance: Chinul’s Korean Way of Zen	Chinul
The Oxford Companion to the Body	Colin Blakemore
Predictably Irrational: The Hidden Forces that Shape Our Decisions	Dan Ariely
Breaking the Spell	Daniel Dennett
Darwin’s Dangerous Idea: Evolution and the Meanings of Life	Daniel Dennett
Freedom Evolves	Daniel Dennett
The Intentional Stance	Daniel Dennett
Stumbling on Happiness	Daniel Gilbert
Voodoo Histories	David Aaronovitch
The End of Illness	David Agus
The Conscious Mind: In Search of a Fundamental Theory	DJ Chalmers
The History of the Decline and Fall of the Roman Empire	Edward Gibbon
Crowds and Power	Elias Canetti
Suicide	Emile Durkheim
The Second Machine Age	Erik Brynjolfsson
The Denial of Death	Ernest Becker
Cities on a Hill	F. Scott Fitzgerald
Imagined Worlds	Freeman Dyson
Stripping the Gurus	Geoffrey Falk
Breakdown of Will	George Ainslie
A Universe Of Consciousness How Matter Becomes Imagination	Gerald Edelman
Second Nature: Brain Science and Human Knowledge	Gerald Edelman
Eichmann in Jerusalem	Hannah Arendt
Omens of Millennium	Harold Bloom
The Book of J	Harold Bloom
My Lunches with Orson	Henry Jaglom
The Mental and the Physical: The Essay and a Postscript	Herbert Feigl
Self-Deception	Herbert Fingarette
Without Sanctuary	James Allen
The Life of Samuel Johnson	James Boswell
Honor	James Bowman
The Psychopath Inside	James Fallon
The Golden Bough	James Frazer
Collapse: How Societies Choose to Fail or Succeed	Jared Diamond
The Diving Bell and the Butterfly	Jean-Dominique Bauby
Why Evolution Is True	Jerry Coyne
The Destructive Power of Religion	JH Ellens
Slouching Toward Bethlehem	Joan Didion
The Year of Magical Thinking	Joan Didion
Thinking and Deciding	Jonathan Baron
The Flight of the Garuda	Keith Dowman
The Nature of Explanation	KJW Craik
Experiments in Ethics	Kwame Anthony Appiah
Gandhi An Autobiography: The Story of My Experiments With Truth	Mahatma Gandhi
The Holocaust: A History of the Jews of Europe During the Second World War	Martin Gilbert
Daily Rituals: How Artists Work	Mason Currey
The Ethical Brain	Michael Gazzaniga
Who’s In Charge? Free Will and the Science of the Brain	Michael Gazzaniga
Discipline & Punish: The Birth of the Prison	Michel Foucault
The Nature of Consciousness	Ned Block
The Koran	NJ Dawood
Europe: A History	Norman Davies
The Kingdom of Auschwitz: 1940-1945	Otto Freidrich
The Really Hard Problem: Meaning in a Material World	Owen Flanagan
Religion Explained	Pascal Boyer
Terror and Liberalism	Paul Berman
Just Babies	Paul Bloom
When Time Shall Be No More	Paul Boyer
Into the Silent Land	Paul Broks
Matter and Consciousness: A Contemporary Introduction to the Philosophy of Mind	Paul Churchland
Scientific Realism and the Plasticity of Mind	Paul Churchland
The Engine of Reason	Paul Churchland
A Devil’s Chaplain	Richard Dawkins
Climbing Mount Improbable	Richard Dawkins
The God Delusion	Richard Dawkins
The Selfish Gene	Richard Dawkins
Six Not-So-Easy Pieces	Richard Feynman
The Character of Physical Law	Richard Feynman
The Feynman Lectures on Physics: The Definitive and Extended Edition	Richard Feynman
Mapping the Mind	Rita Carter
On Being Certain	Robert Burton
The Anatomy of Melancholy	Robert Burton
Patterns of Culture	Ruth Benedict
The Future of an Illusion	Sigmund Freud
Mind-Blindness	Simon Baron Cohen
The Science of Evil	Simon Baron Cohen
The Book of Dead Philosophers	Simon Critchley
Lying	Sissela Bok
Sleep Thieves	Stanley Coren
Buddhism without Beliefs	Stephen Batchelor
Conversations on Consciousness	Susan Blackmore
The Heart of Awareness: A Translation of the Ashtavakra Gita	Thomas Byrom
Altered Egos: How the Brain Creates the Self	Todd Feinberg
In Cold Blood	Truman Capote
Average Is Over	Tyler Cowen
Self-Contradictions of the Bible	William Burr
The Crisis of Capitalist Democracy	Richard Posner
The Descent of Man	Charles Darwin
Final Exit	Derek Humphrey
The Methods of Ethics	Henry Sidgwick
Pride & Prejudice	Jane Austen
In the Shadow of Man	Jane Goodall
Humanity	Jonathan Glover
On Liberty	JS Mill
Silent Spring	Rachel Carson
How Much Is Enough?	Robert Skidelsky
Electric Light	Seamus Heaney
The Inflationary Universe: The Quest for a New Theory of Cosmic Origins	Alan Guth
Philosophical Letters	Francois Voltaire
The Birth and Death of the Sun	George Gamow
The Mysterious Universe	James Jeans
Warped Passages	Lisa Randall
The Selfish Gene	Richard Dawkins
The Character of Physical Law	Richard Feynman
On a Piece of Chalk	Thomas Huxley
The Whole Shebang	Timothy Ferris